id_llamada,inicio,tipo_linea,motivo,fallos_reconocimiento,resultado,duracion_ivr_seg,espera_agente_seg
C00267,2026-09-01 08:17:00,movil,estado_pedido,0,abandonada,60,0
C00091,2026-09-01 09:33:00,movil,consulta_saldo,1,transferida,247,305
C00336,2026-09-01 10:47:00,movil,estado_pedido,0,resuelta_ivr,106,0
C00340,2026-09-01 12:10:00,fijo,consulta_saldo,0,abandonada,75,0
C00331,2026-09-01 12:28:00,fijo,consulta_saldo,2,abandonada,71,0
C00362,2026-09-01 13:26:00,fijo,estado_pedido,0,transferida,74,281
C00367,2026-09-01 13:39:00,movil,hablar_con_agente,0,transferida,142,21
C00060,2026-09-01 14:00:00,movil,consulta_saldo,0,transferida,197,419
C00401,2026-09-01 14:35:00,movil,consulta_saldo,2,transferida,146,125
C00345,2026-09-01 14:59:00,fijo,consulta_saldo,0,transferida,145,398
C00381,2026-09-01 15:17:00,movil,consulta_saldo,1,transferida,126,23
C00319,2026-09-01 15:18:00,movil,consulta_saldo,1,resuelta_ivr,132,0
C00415,2026-09-01 15:42:00,movil,consulta_saldo,1,resuelta_ivr,95,0
C00305,2026-09-01 16:16:00,fijo,consulta_saldo,1,abandonada,83,0
C00114,2026-09-01 19:14:00,movil,bloqueo_tarjeta,0,transferida,215,156
C00105,2026-09-01 20:19:00,fijo,consulta_saldo,2,abandonada,68,0
C00318,2026-09-02 08:47:00,fijo,consulta_saldo,1,resuelta_ivr,86,0
C00214,2026-09-02 10:20:00,movil,incidencia_pago,1,resuelta_ivr,93,0
C00469,2026-09-02 11:02:00,fijo,incidencia_pago,0,resuelta_ivr,98,0
C00159,2026-09-02 12:13:00,fijo,incidencia_pago,3,transferida,198,154
C00313,2026-09-02 12:43:00,movil,hablar_con_agente,0,abandonada,46,0
C00138,2026-09-02 12:54:00,fijo,cambio_datos,0,resuelta_ivr,94,0
C00419,2026-09-02 13:05:00,movil,hablar_con_agente,0,transferida,146,361
C00127,2026-09-02 13:41:00,movil,consulta_saldo,0,resuelta_ivr,57,0
C00253,2026-09-02 13:52:00,movil,hablar_con_agente,1,transferida,253,219
C00211,2026-09-02 14:50:00,fijo,consulta_saldo,0,resuelta_ivr,113,0
C00243,2026-09-02 15:13:00,fijo,bloqueo_tarjeta,0,abandonada,9,0
C00030,2026-09-02 16:40:00,movil,consulta_saldo,0,resuelta_ivr,100,0
C00054,2026-09-02 17:30:00,fijo,consulta_saldo,1,resuelta_ivr,173,0
C00255,2026-09-02 17:35:00,movil,bloqueo_tarjeta,0,resuelta_ivr,139,0
C00029,2026-09-02 17:53:00,movil,incidencia_pago,0,resuelta_ivr,52,0
C00407,2026-09-02 18:14:00,fijo,bloqueo_tarjeta,0,resuelta_ivr,46,0
C00266,2026-09-02 18:32:00,fijo,cambio_datos,2,abandonada,35,0
C00202,2026-09-02 18:56:00,movil,incidencia_pago,0,resuelta_ivr,146,0
C00423,2026-09-02 19:46:00,movil,consulta_saldo,0,resuelta_ivr,104,0
C00220,2026-09-02 20:02:00,fijo,consulta_saldo,0,resuelta_ivr,162,0
C00296,2026-09-02 20:07:00,movil,consulta_saldo,1,transferida,137,99
C00279,2026-09-03 08:05:00,fijo,hablar_con_agente,0,transferida,93,105
C00022,2026-09-03 08:32:00,fijo,hablar_con_agente,0,transferida,114,77
C00133,2026-09-03 09:22:00,fijo,bloqueo_tarjeta,0,resuelta_ivr,180,0
C00326,2026-09-03 09:42:00,movil,consulta_saldo,0,transferida,169,415
C00086,2026-09-03 10:40:00,fijo,consulta_saldo,0,resuelta_ivr,144,0
C00323,2026-09-03 11:54:00,movil,bloqueo_tarjeta,1,resuelta_ivr,135,0
C00007,2026-09-03 11:58:00,movil,hablar_con_agente,0,transferida,101,191
C00075,2026-09-03 12:07:00,movil,incidencia_pago,0,transferida,225,239
C00076,2026-09-03 13:01:00,fijo,consulta_saldo,1,resuelta_ivr,149,0
C00397,2026-09-03 13:18:00,movil,incidencia_pago,0,transferida,205,98
C00431,2026-09-03 14:21:00,fijo,incidencia_pago,0,resuelta_ivr,156,0
C00269,2026-09-03 14:22:00,movil,hablar_con_agente,0,transferida,136,344
C00172,2026-09-03 14:23:00,movil,consulta_saldo,0,resuelta_ivr,125,0
C00148,2026-09-03 14:46:00,fijo,hablar_con_agente,0,transferida,140,229
C00270,2026-09-03 14:55:00,movil,bloqueo_tarjeta,0,resuelta_ivr,42,0
C00185,2026-09-03 15:20:00,fijo,cambio_datos,1,resuelta_ivr,137,0
C00150,2026-09-03 15:27:00,fijo,incidencia_pago,0,resuelta_ivr,174,0
C00310,2026-09-03 15:29:00,fijo,hablar_con_agente,0,abandonada,49,0
C00112,2026-09-03 15:32:00,fijo,hablar_con_agente,3,transferida,281,243
C00275,2026-09-03 16:32:00,fijo,incidencia_pago,0,resuelta_ivr,99,0
C00241,2026-09-03 16:42:00,movil,estado_pedido,0,resuelta_ivr,146,0
C00333,2026-09-03 16:43:00,movil,hablar_con_agente,3,transferida,205,334
C00083,2026-09-03 17:50:00,movil,cambio_datos,0,resuelta_ivr,117,0
C00440,2026-09-03 18:18:00,fijo,hablar_con_agente,1,abandonada,105,0
C00383,2026-09-03 18:57:00,fijo,estado_pedido,0,transferida,107,32
C00385,2026-09-03 19:24:00,fijo,bloqueo_tarjeta,0,abandonada,12,0
C00461,2026-09-03 20:04:00,fijo,bloqueo_tarjeta,0,resuelta_ivr,57,0
C00316,2026-09-03 20:28:00,fijo,hablar_con_agente,1,transferida,211,121
C00142,2026-09-03 20:44:00,fijo,estado_pedido,0,resuelta_ivr,80,0
C00437,2026-09-03 20:49:00,fijo,estado_pedido,0,abandonada,33,0
C00147,2026-09-04 08:07:00,fijo,estado_pedido,0,resuelta_ivr,176,0
C00248,2026-09-04 08:32:00,movil,incidencia_pago,0,transferida,121,44
C00474,2026-09-04 08:42:00,fijo,consulta_saldo,0,resuelta_ivr,61,0
C00268,2026-09-04 09:38:00,fijo,estado_pedido,0,resuelta_ivr,104,0
C00035,2026-09-04 10:17:00,movil,consulta_saldo,2,transferida,159,319
C00354,2026-09-04 10:23:00,fijo,consulta_saldo,0,transferida,93,215
C00476,2026-09-04 11:05:00,movil,cambio_datos,0,resuelta_ivr,180,0
C00195,2026-09-04 11:25:00,fijo,incidencia_pago,0,resuelta_ivr,132,0
C00395,2026-09-04 11:53:00,movil,consulta_saldo,3,transferida,173,319
C00329,2026-09-04 12:06:00,movil,estado_pedido,0,resuelta_ivr,43,0
C00291,2026-09-04 12:14:00,fijo,cambio_datos,0,transferida,204,356
C00478,2026-09-04 12:51:00,fijo,cambio_datos,2,resuelta_ivr,185,0
C00040,2026-09-04 14:02:00,movil,incidencia_pago,2,resuelta_ivr,109,0
C00042,2026-09-04 14:31:00,movil,hablar_con_agente,2,transferida,179,417
C00095,2026-09-04 14:53:00,movil,hablar_con_agente,1,transferida,193,37
C00434,2026-09-04 15:01:00,movil,estado_pedido,0,transferida,240,402
C00376,2026-09-04 16:10:00,movil,incidencia_pago,0,transferida,101,47
C00439,2026-09-04 16:29:00,movil,incidencia_pago,0,resuelta_ivr,49,0
C00045,2026-09-04 18:10:00,movil,estado_pedido,1,resuelta_ivr,185,0
C00227,2026-09-04 19:37:00,fijo,incidencia_pago,0,resuelta_ivr,80,0
C00069,2026-09-04 19:53:00,fijo,incidencia_pago,2,resuelta_ivr,100,0
C00430,2026-09-04 20:56:00,fijo,hablar_con_agente,0,transferida,144,234
C00451,2026-09-04 20:59:00,fijo,bloqueo_tarjeta,0,resuelta_ivr,146,0
C00052,2026-09-05 08:25:00,movil,consulta_saldo,3,transferida,221,332
C00122,2026-09-05 08:46:00,fijo,hablar_con_agente,0,transferida,120,79
C00181,2026-09-05 09:04:00,movil,incidencia_pago,2,resuelta_ivr,121,0
C00189,2026-09-05 09:08:00,fijo,consulta_saldo,1,resuelta_ivr,63,0
C00428,2026-09-05 09:32:00,fijo,incidencia_pago,0,transferida,224,243
C00447,2026-09-05 09:46:00,movil,bloqueo_tarjeta,1,transferida,173,321
C00498,2026-09-05 09:51:00,movil,consulta_saldo,0,abandonada,82,0
C00165,2026-09-05 10:38:00,fijo,consulta_saldo,1,resuelta_ivr,193,0
C00421,2026-09-05 11:36:00,fijo,incidencia_pago,0,resuelta_ivr,133,0
C00058,2026-09-05 11:56:00,fijo,bloqueo_tarjeta,0,resuelta_ivr,146,0
C00302,2026-09-05 13:20:00,fijo,consulta_saldo,0,resuelta_ivr,76,0
C00414,2026-09-05 13:23:00,movil,hablar_con_agente,0,transferida,221,170
C00373,2026-09-05 13:39:00,fijo,incidencia_pago,0,abandonada,16,0
C00063,2026-09-05 15:52:00,fijo,consulta_saldo,0,resuelta_ivr,156,0
C00137,2026-09-05 17:29:00,fijo,consulta_saldo,3,transferida,210,350
C00436,2026-09-05 17:31:00,movil,hablar_con_agente,1,transferida,204,263
C00391,2026-09-05 17:40:00,fijo,estado_pedido,1,abandonada,32,0
C00350,2026-09-05 17:58:00,fijo,consulta_saldo,0,resuelta_ivr,120,0
C00393,2026-09-05 18:33:00,movil,cambio_datos,1,resuelta_ivr,139,0
C00494,2026-09-05 18:44:00,fijo,estado_pedido,2,resuelta_ivr,112,0
C00081,2026-09-05 18:53:00,fijo,hablar_con_agente,0,abandonada,66,0
C00163,2026-09-05 19:26:00,fijo,incidencia_pago,2,abandonada,117,0
C00136,2026-09-05 19:43:00,fijo,hablar_con_agente,0,abandonada,17,0
C00129,2026-09-06 09:52:00,movil,cambio_datos,0,resuelta_ivr,100,0
C00458,2026-09-06 10:57:00,movil,incidencia_pago,0,resuelta_ivr,111,0
C00169,2026-09-06 11:24:00,movil,incidencia_pago,0,resuelta_ivr,163,0
C00388,2026-09-06 11:36:00,movil,incidencia_pago,0,resuelta_ivr,151,0
C00339,2026-09-06 12:21:00,movil,incidencia_pago,2,transferida,148,11
C00130,2026-09-06 12:31:00,fijo,consulta_saldo,1,resuelta_ivr,71,0
C00273,2026-09-06 13:22:00,movil,consulta_saldo,0,resuelta_ivr,141,0
C00221,2026-09-06 15:50:00,movil,hablar_con_agente,0,transferida,216,108
C00092,2026-09-06 16:01:00,movil,estado_pedido,0,resuelta_ivr,151,0
C00400,2026-09-06 16:05:00,fijo,estado_pedido,0,resuelta_ivr,106,0
C00499,2026-09-06 16:07:00,movil,hablar_con_agente,0,abandonada,20,0
C00208,2026-09-06 16:30:00,fijo,hablar_con_agente,0,abandonada,16,0
C00246,2026-09-06 17:10:00,fijo,bloqueo_tarjeta,0,abandonada,43,0
C00264,2026-09-06 17:15:00,movil,hablar_con_agente,3,transferida,276,401
C00486,2026-09-06 17:39:00,movil,hablar_con_agente,1,abandonada,25,0
C00357,2026-09-06 17:47:00,movil,estado_pedido,1,resuelta_ivr,152,0
C00459,2026-09-06 17:58:00,fijo,incidencia_pago,0,resuelta_ivr,79,0
C00153,2026-09-06 18:16:00,fijo,consulta_saldo,1,resuelta_ivr,181,0
C00067,2026-09-06 18:20:00,movil,cambio_datos,1,resuelta_ivr,96,0
C00049,2026-09-06 18:30:00,fijo,estado_pedido,0,transferida,133,230
C00311,2026-09-06 18:30:00,fijo,consulta_saldo,0,resuelta_ivr,55,0
C00382,2026-09-06 18:53:00,fijo,consulta_saldo,0,transferida,161,260
C00370,2026-09-06 20:04:00,movil,hablar_con_agente,1,abandonada,105,0
C00193,2026-09-06 20:10:00,movil,estado_pedido,0,transferida,230,373
C00497,2026-09-06 20:21:00,fijo,cambio_datos,2,resuelta_ivr,87,0
C00219,2026-09-07 08:19:00,fijo,estado_pedido,0,resuelta_ivr,92,0
C00398,2026-09-07 08:59:00,fijo,consulta_saldo,0,abandonada,52,0
C00232,2026-09-07 09:55:00,fijo,bloqueo_tarjeta,1,transferida,78,414
C00117,2026-09-07 10:15:00,fijo,incidencia_pago,2,resuelta_ivr,198,0
C00299,2026-09-07 12:45:00,fijo,incidencia_pago,1,resuelta_ivr,81,0
C00078,2026-09-07 13:23:00,fijo,consulta_saldo,0,transferida,109,388
C00352,2026-09-07 13:35:00,fijo,consulta_saldo,1,abandonada,26,0
C00113,2026-09-07 14:33:00,fijo,hablar_con_agente,0,transferida,207,368
C00475,2026-09-07 15:02:00,movil,hablar_con_agente,2,transferida,146,139
C00396,2026-09-07 15:32:00,movil,consulta_saldo,1,transferida,170,273
C00351,2026-09-07 15:42:00,movil,bloqueo_tarjeta,0,resuelta_ivr,80,0
C00317,2026-09-07 16:26:00,fijo,consulta_saldo,1,resuelta_ivr,88,0
C00328,2026-09-07 16:50:00,fijo,cambio_datos,0,resuelta_ivr,53,0
C00192,2026-09-07 18:26:00,fijo,consulta_saldo,2,resuelta_ivr,101,0
C00200,2026-09-07 18:50:00,movil,hablar_con_agente,0,transferida,83,338
C00272,2026-09-07 19:48:00,movil,hablar_con_agente,0,transferida,235,288
C00043,2026-09-08 08:24:00,fijo,cambio_datos,0,resuelta_ivr,57,0
C00226,2026-09-08 08:51:00,fijo,cambio_datos,0,transferida,85,179
C00236,2026-09-08 09:03:00,movil,cambio_datos,0,resuelta_ivr,168,0
C00139,2026-09-08 09:50:00,fijo,bloqueo_tarjeta,0,resuelta_ivr,111,0
C00191,2026-09-08 09:56:00,fijo,consulta_saldo,0,resuelta_ivr,70,0
C00066,2026-09-08 10:09:00,fijo,estado_pedido,0,abandonada,37,0
C00025,2026-09-08 11:16:00,movil,consulta_saldo,0,resuelta_ivr,111,0
C00480,2026-09-08 11:46:00,fijo,incidencia_pago,1,resuelta_ivr,147,0
C00289,2026-09-08 12:18:00,fijo,cambio_datos,1,transferida,189,255
C00032,2026-09-08 12:31:00,fijo,bloqueo_tarjeta,1,resuelta_ivr,135,0
C00327,2026-09-08 12:43:00,fijo,cambio_datos,0,resuelta_ivr,112,0
C00175,2026-09-08 13:08:00,movil,consulta_saldo,0,transferida,76,265
C00341,2026-09-08 13:29:00,movil,consulta_saldo,2,resuelta_ivr,89,0
C00128,2026-09-08 13:36:00,fijo,incidencia_pago,1,resuelta_ivr,125,0
C00103,2026-09-08 15:00:00,movil,consulta_saldo,1,transferida,173,415
C00321,2026-09-08 15:19:00,movil,cambio_datos,1,resuelta_ivr,177,0
C00003,2026-09-08 15:39:00,fijo,estado_pedido,1,resuelta_ivr,95,0
C00171,2026-09-08 15:41:00,fijo,hablar_con_agente,2,transferida,218,130
C00023,2026-09-08 16:04:00,fijo,incidencia_pago,0,resuelta_ivr,150,0
C00455,2026-09-08 16:43:00,fijo,incidencia_pago,1,resuelta_ivr,67,0
C00347,2026-09-08 16:52:00,movil,bloqueo_tarjeta,2,resuelta_ivr,91,0
C00464,2026-09-08 18:57:00,fijo,cambio_datos,1,abandonada,34,0
C00418,2026-09-08 19:50:00,movil,hablar_con_agente,0,transferida,210,95
C00179,2026-09-08 20:30:00,fijo,cambio_datos,0,resuelta_ivr,125,0
C00073,2026-09-08 20:48:00,movil,estado_pedido,1,resuelta_ivr,62,0
C00037,2026-09-09 08:45:00,fijo,consulta_saldo,1,transferida,116,292
C00046,2026-09-09 08:45:00,movil,incidencia_pago,0,abandonada,90,0
C00482,2026-09-09 10:23:00,movil,hablar_con_agente,0,transferida,79,269
C00278,2026-09-09 10:37:00,movil,bloqueo_tarjeta,1,resuelta_ivr,154,0
C00004,2026-09-09 10:39:00,fijo,consulta_saldo,1,resuelta_ivr,152,0
C00353,2026-09-09 10:58:00,fijo,consulta_saldo,0,resuelta_ivr,180,0
C00174,2026-09-09 11:40:00,fijo,incidencia_pago,0,transferida,168,407
C00307,2026-09-09 11:50:00,movil,estado_pedido,0,resuelta_ivr,166,0
C00260,2026-09-09 14:08:00,fijo,estado_pedido,0,resuelta_ivr,160,0
C00448,2026-09-09 14:47:00,fijo,hablar_con_agente,3,transferida,140,318
C00408,2026-09-09 15:08:00,fijo,bloqueo_tarjeta,1,resuelta_ivr,103,0
C00057,2026-09-09 15:30:00,movil,consulta_saldo,0,resuelta_ivr,121,0
C00028,2026-09-09 15:45:00,movil,consulta_saldo,1,transferida,114,161
C00429,2026-09-09 15:55:00,movil,consulta_saldo,1,transferida,167,228
C00263,2026-09-09 16:20:00,fijo,hablar_con_agente,1,transferida,165,81
C00090,2026-09-09 16:32:00,fijo,estado_pedido,0,resuelta_ivr,150,0
C00390,2026-09-09 16:52:00,movil,estado_pedido,2,transferida,197,222
C00426,2026-09-09 16:55:00,movil,hablar_con_agente,0,transferida,70,264
C00465,2026-09-09 17:13:00,fijo,incidencia_pago,0,resuelta_ivr,135,0
C00222,2026-09-09 17:31:00,fijo,consulta_saldo,2,abandonada,61,0
C00489,2026-09-09 17:52:00,fijo,estado_pedido,0,transferida,210,49
C00402,2026-09-09 19:07:00,movil,bloqueo_tarjeta,0,transferida,181,341
C00008,2026-09-09 19:58:00,fijo,hablar_con_agente,1,transferida,211,93
C00079,2026-09-09 20:21:00,movil,estado_pedido,1,resuelta_ivr,80,0
C00410,2026-09-09 20:22:00,movil,incidencia_pago,1,resuelta_ivr,140,0
C00337,2026-09-09 20:30:00,fijo,hablar_con_agente,1,transferida,144,42
C00064,2026-09-09 20:50:00,movil,hablar_con_agente,0,abandonada,74,0
C00258,2026-09-10 08:15:00,movil,consulta_saldo,0,transferida,122,370
C00377,2026-09-10 08:20:00,movil,bloqueo_tarjeta,3,transferida,201,384
C00087,2026-09-10 08:33:00,movil,consulta_saldo,1,transferida,93,145
C00346,2026-09-10 09:46:00,movil,consulta_saldo,3,transferida,141,57
C00262,2026-09-10 10:36:00,fijo,consulta_saldo,0,resuelta_ivr,102,0
C00199,2026-09-10 10:48:00,fijo,consulta_saldo,2,resuelta_ivr,202,0
C00161,2026-09-10 12:18:00,movil,incidencia_pago,1,abandonada,30,0
C00380,2026-09-10 13:04:00,fijo,consulta_saldo,0,resuelta_ivr,165,0
C00186,2026-09-10 13:13:00,movil,estado_pedido,1,resuelta_ivr,168,0
C00343,2026-09-10 13:18:00,fijo,bloqueo_tarjeta,0,resuelta_ivr,91,0
C00141,2026-09-10 13:47:00,movil,bloqueo_tarjeta,0,resuelta_ivr,142,0
C00109,2026-09-10 14:07:00,movil,bloqueo_tarjeta,0,resuelta_ivr,86,0
C00254,2026-09-10 14:25:00,fijo,consulta_saldo,0,resuelta_ivr,97,0
C00097,2026-09-10 15:28:00,movil,hablar_con_agente,0,transferida,100,292
C00472,2026-09-10 15:28:00,movil,bloqueo_tarjeta,1,resuelta_ivr,95,0
C00116,2026-09-10 15:31:00,movil,consulta_saldo,0,resuelta_ivr,115,0
C00173,2026-09-10 16:03:00,movil,cambio_datos,0,transferida,217,50
C00210,2026-09-10 17:09:00,fijo,consulta_saldo,0,resuelta_ivr,107,0
C00068,2026-09-10 17:49:00,movil,cambio_datos,3,transferida,124,363
C00085,2026-09-10 18:02:00,fijo,hablar_con_agente,0,transferida,113,118
C00089,2026-09-10 18:09:00,fijo,incidencia_pago,0,resuelta_ivr,71,0
C00094,2026-09-10 19:18:00,fijo,hablar_con_agente,1,transferida,97,139
C00477,2026-09-10 19:27:00,movil,consulta_saldo,0,transferida,144,75
C00453,2026-09-10 19:39:00,fijo,consulta_saldo,1,transferida,127,26
C00334,2026-09-10 19:55:00,fijo,estado_pedido,3,transferida,127,69
C00021,2026-09-11 08:21:00,movil,estado_pedido,0,resuelta_ivr,58,0
C00276,2026-09-11 08:30:00,fijo,cambio_datos,1,resuelta_ivr,113,0
C00082,2026-09-11 11:08:00,fijo,hablar_con_agente,0,abandonada,56,0
C00300,2026-09-11 11:21:00,fijo,estado_pedido,0,transferida,223,315
C00036,2026-09-11 11:28:00,fijo,cambio_datos,2,resuelta_ivr,134,0
C00151,2026-09-11 11:46:00,movil,bloqueo_tarjeta,0,resuelta_ivr,69,0
C00206,2026-09-11 12:07:00,fijo,estado_pedido,0,resuelta_ivr,64,0
C00406,2026-09-11 12:43:00,movil,cambio_datos,2,resuelta_ivr,146,0
C00231,2026-09-11 12:51:00,fijo,estado_pedido,1,resuelta_ivr,89,0
C00286,2026-09-11 12:58:00,fijo,incidencia_pago,1,abandonada,68,0
C00182,2026-09-11 13:17:00,fijo,estado_pedido,3,transferida,114,107
C00441,2026-09-11 14:12:00,fijo,incidencia_pago,1,transferida,218,317
C00349,2026-09-11 14:42:00,movil,incidencia_pago,1,resuelta_ivr,124,0
C00261,2026-09-11 15:03:00,fijo,consulta_saldo,2,transferida,156,309
C00292,2026-09-11 15:20:00,movil,consulta_saldo,0,resuelta_ivr,172,0
C00135,2026-09-11 15:44:00,fijo,bloqueo_tarjeta,1,resuelta_ivr,135,0
C00223,2026-09-11 16:11:00,fijo,bloqueo_tarjeta,2,transferida,163,303
C00420,2026-09-11 16:21:00,movil,bloqueo_tarjeta,0,abandonada,34,0
C00101,2026-09-11 16:39:00,fijo,consulta_saldo,0,transferida,98,285
C00435,2026-09-11 16:51:00,fijo,estado_pedido,1,resuelta_ivr,118,0
C00456,2026-09-11 17:25:00,fijo,consulta_saldo,1,resuelta_ivr,168,0
C00213,2026-09-11 17:31:00,movil,hablar_con_agente,1,transferida,177,30
C00297,2026-09-11 17:33:00,fijo,estado_pedido,0,transferida,107,346
C00215,2026-09-11 18:27:00,fijo,bloqueo_tarjeta,0,resuelta_ivr,116,0
C00256,2026-09-11 19:02:00,fijo,consulta_saldo,0,resuelta_ivr,177,0
C00205,2026-09-11 20:15:00,movil,bloqueo_tarjeta,3,transferida,138,273
C00417,2026-09-12 08:14:00,movil,hablar_con_agente,1,transferida,248,330
C00183,2026-09-12 08:48:00,fijo,hablar_con_agente,0,transferida,171,390
C00080,2026-09-12 11:03:00,fijo,bloqueo_tarjeta,1,resuelta_ivr,66,0
C00358,2026-09-12 11:39:00,movil,hablar_con_agente,0,transferida,68,327
C00411,2026-09-12 11:48:00,fijo,incidencia_pago,0,transferida,155,309
C00065,2026-09-12 11:49:00,movil,cambio_datos,1,transferida,138,20
C00034,2026-09-12 12:51:00,fijo,consulta_saldo,1,transferida,77,293
C00162,2026-09-12 13:17:00,fijo,hablar_con_agente,1,transferida,154,202
C00102,2026-09-12 13:40:00,fijo,estado_pedido,0,resuelta_ivr,122,0
C00152,2026-09-12 13:59:00,movil,incidencia_pago,1,transferida,101,141
C00190,2026-09-12 14:20:00,fijo,estado_pedido,0,resuelta_ivr,133,0
C00047,2026-09-12 15:21:00,fijo,consulta_saldo,1,resuelta_ivr,135,0
C00409,2026-09-12 16:39:00,movil,bloqueo_tarjeta,0,transferida,135,251
C00188,2026-09-12 16:45:00,movil,incidencia_pago,1,abandonada,76,0
C00187,2026-09-12 18:29:00,fijo,hablar_con_agente,0,abandonada,90,0
C00071,2026-09-12 18:50:00,fijo,hablar_con_agente,0,transferida,193,148
C00450,2026-09-12 19:28:00,fijo,consulta_saldo,1,abandonada,89,0
C00167,2026-09-12 19:32:00,fijo,incidencia_pago,3,transferida,164,132
C00442,2026-09-12 20:13:00,fijo,estado_pedido,0,transferida,147,334
C00281,2026-09-13 08:12:00,movil,consulta_saldo,0,resuelta_ivr,102,0
C00298,2026-09-13 08:29:00,movil,incidencia_pago,2,resuelta_ivr,179,0
C00282,2026-09-13 10:53:00,fijo,consulta_saldo,0,resuelta_ivr,56,0
C00490,2026-09-13 11:48:00,movil,estado_pedido,0,transferida,183,13
C00438,2026-09-13 12:00:00,fijo,consulta_saldo,0,resuelta_ivr,62,0
C00259,2026-09-13 12:05:00,fijo,estado_pedido,1,resuelta_ivr,191,0
C00010,2026-09-13 12:34:00,fijo,consulta_saldo,2,resuelta_ivr,150,0
C00009,2026-09-13 12:36:00,fijo,hablar_con_agente,1,transferida,89,26
C00126,2026-09-13 12:42:00,movil,consulta_saldo,0,transferida,83,118
C00371,2026-09-13 13:14:00,fijo,incidencia_pago,0,resuelta_ivr,40,0
C00184,2026-09-13 13:47:00,fijo,hablar_con_agente,0,transferida,128,382
C00224,2026-09-13 13:53:00,fijo,hablar_con_agente,1,transferida,95,236
C00485,2026-09-13 14:12:00,movil,estado_pedido,1,transferida,206,238
C00287,2026-09-13 14:13:00,movil,consulta_saldo,0,resuelta_ivr,179,0
C00245,2026-09-13 14:24:00,movil,consulta_saldo,3,abandonada,94,0
C00375,2026-09-13 15:28:00,fijo,incidencia_pago,3,abandonada,94,0
C00178,2026-09-13 16:01:00,fijo,consulta_saldo,0,resuelta_ivr,44,0
C00314,2026-09-13 16:21:00,movil,consulta_saldo,1,transferida,190,334
C00053,2026-09-13 16:26:00,fijo,bloqueo_tarjeta,0,transferida,168,100
C00230,2026-09-13 16:27:00,movil,consulta_saldo,1,transferida,84,162
C00315,2026-09-13 16:47:00,movil,incidencia_pago,1,transferida,199,307
C00413,2026-09-13 17:02:00,fijo,consulta_saldo,0,transferida,111,219
C00473,2026-09-13 17:18:00,movil,consulta_saldo,1,resuelta_ivr,150,0
C00330,2026-09-13 17:42:00,movil,estado_pedido,0,resuelta_ivr,160,0
C00011,2026-09-13 18:58:00,fijo,estado_pedido,0,resuelta_ivr,177,0
C00234,2026-09-13 19:25:00,movil,consulta_saldo,3,transferida,106,206
C00020,2026-09-13 19:27:00,movil,cambio_datos,0,resuelta_ivr,70,0
C00257,2026-09-13 19:29:00,fijo,cambio_datos,0,resuelta_ivr,95,0
C00387,2026-09-13 20:11:00,movil,consulta_saldo,0,resuelta_ivr,77,0
C00324,2026-09-13 20:51:00,movil,hablar_con_agente,1,transferida,210,14
C00452,2026-09-14 08:13:00,movil,estado_pedido,0,resuelta_ivr,54,0
C00041,2026-09-14 08:25:00,movil,consulta_saldo,2,transferida,261,146
C00445,2026-09-14 08:47:00,movil,hablar_con_agente,1,transferida,192,311
C00059,2026-09-14 09:03:00,fijo,consulta_saldo,0,abandonada,53,0
C00309,2026-09-14 09:44:00,fijo,incidencia_pago,1,resuelta_ivr,63,0
C00425,2026-09-14 09:47:00,movil,estado_pedido,1,resuelta_ivr,82,0
C00145,2026-09-14 09:53:00,fijo,consulta_saldo,1,resuelta_ivr,133,0
C00088,2026-09-14 09:57:00,movil,estado_pedido,1,abandonada,27,0
C00039,2026-09-14 10:10:00,movil,consulta_saldo,0,abandonada,31,0
C00265,2026-09-14 10:20:00,fijo,incidencia_pago,0,transferida,115,243
C00015,2026-09-14 10:41:00,movil,estado_pedido,3,abandonada,72,0
C00244,2026-09-14 11:04:00,fijo,incidencia_pago,1,abandonada,68,0
C00277,2026-09-14 11:10:00,movil,cambio_datos,1,resuelta_ivr,130,0
C00360,2026-09-14 11:24:00,fijo,cambio_datos,1,resuelta_ivr,194,0
C00283,2026-09-14 13:06:00,movil,estado_pedido,0,resuelta_ivr,103,0
C00252,2026-09-14 13:07:00,fijo,consulta_saldo,0,resuelta_ivr,84,0
C00160,2026-09-14 13:46:00,fijo,cambio_datos,0,transferida,76,58
C00027,2026-09-14 16:17:00,fijo,estado_pedido,2,abandonada,35,0
C00197,2026-09-14 17:48:00,movil,consulta_saldo,3,transferida,224,186
C00432,2026-09-14 19:04:00,fijo,hablar_con_agente,0,transferida,100,223
C00285,2026-09-14 19:06:00,fijo,hablar_con_agente,0,transferida,182,100
C00238,2026-09-14 19:58:00,movil,estado_pedido,0,resuelta_ivr,95,0
C00332,2026-09-14 19:58:00,fijo,bloqueo_tarjeta,1,resuelta_ivr,94,0
C00077,2026-09-14 20:43:00,movil,estado_pedido,0,resuelta_ivr,118,0
C00374,2026-09-15 08:11:00,movil,consulta_saldo,0,resuelta_ivr,105,0
C00156,2026-09-15 08:38:00,fijo,consulta_saldo,1,resuelta_ivr,78,0
C00204,2026-09-15 09:14:00,movil,cambio_datos,0,resuelta_ivr,158,0
C00454,2026-09-15 09:44:00,fijo,cambio_datos,1,resuelta_ivr,112,0
C00284,2026-09-15 09:49:00,fijo,consulta_saldo,0,resuelta_ivr,137,0
C00412,2026-09-15 10:00:00,movil,estado_pedido,2,resuelta_ivr,88,0
C00491,2026-09-15 10:49:00,fijo,consulta_saldo,0,resuelta_ivr,78,0
C00295,2026-09-15 11:31:00,fijo,estado_pedido,0,resuelta_ivr,155,0
C00404,2026-09-15 12:18:00,movil,consulta_saldo,0,resuelta_ivr,141,0
C00111,2026-09-15 12:21:00,movil,cambio_datos,2,resuelta_ivr,143,0
C00056,2026-09-15 12:25:00,movil,incidencia_pago,1,resuelta_ivr,188,0
C00325,2026-09-15 13:59:00,movil,incidencia_pago,1,resuelta_ivr,160,0
C00123,2026-09-15 14:19:00,fijo,cambio_datos,1,abandonada,39,0
C00293,2026-09-15 14:23:00,movil,bloqueo_tarjeta,1,resuelta_ivr,183,0
C00072,2026-09-15 15:26:00,fijo,incidencia_pago,0,resuelta_ivr,102,0
C00050,2026-09-15 15:32:00,fijo,estado_pedido,0,resuelta_ivr,83,0
C00125,2026-09-15 15:35:00,movil,hablar_con_agente,2,transferida,229,193
C00481,2026-09-15 15:36:00,movil,bloqueo_tarjeta,0,resuelta_ivr,84,0
C00384,2026-09-15 15:56:00,movil,consulta_saldo,1,resuelta_ivr,93,0
C00134,2026-09-15 16:37:00,fijo,cambio_datos,0,transferida,170,126
C00026,2026-09-15 17:23:00,movil,consulta_saldo,1,resuelta_ivr,58,0
C00196,2026-09-15 17:24:00,fijo,consulta_saldo,2,resuelta_ivr,171,0
C00280,2026-09-15 17:30:00,fijo,estado_pedido,0,resuelta_ivr,130,0
C00157,2026-09-15 17:54:00,fijo,estado_pedido,1,transferida,221,106
C00055,2026-09-15 18:27:00,fijo,incidencia_pago,2,resuelta_ivr,210,0
C00470,2026-09-15 18:45:00,movil,bloqueo_tarjeta,0,resuelta_ivr,70,0
C00155,2026-09-15 18:46:00,fijo,bloqueo_tarjeta,0,resuelta_ivr,169,0
C00132,2026-09-15 18:58:00,fijo,hablar_con_agente,0,transferida,169,261
C00144,2026-09-15 19:17:00,fijo,estado_pedido,1,resuelta_ivr,110,0
C00288,2026-09-15 20:05:00,fijo,consulta_saldo,1,transferida,179,81
C00024,2026-09-15 20:26:00,movil,consulta_saldo,1,transferida,178,419
C00235,2026-09-15 20:51:00,fijo,consulta_saldo,0,resuelta_ivr,42,0
C00446,2026-09-16 08:04:00,movil,estado_pedido,0,abandonada,27,0
C00104,2026-09-16 08:37:00,fijo,consulta_saldo,3,transferida,217,279
C00466,2026-09-16 08:44:00,movil,consulta_saldo,1,resuelta_ivr,76,0
C00294,2026-09-16 09:47:00,fijo,consulta_saldo,2,resuelta_ivr,106,0
C00496,2026-09-16 10:54:00,fijo,consulta_saldo,0,resuelta_ivr,86,0
C00168,2026-09-16 11:18:00,fijo,bloqueo_tarjeta,2,abandonada,83,0
C00493,2026-09-16 11:35:00,movil,estado_pedido,1,resuelta_ivr,117,0
C00074,2026-09-16 11:37:00,movil,bloqueo_tarjeta,0,resuelta_ivr,110,0
C00225,2026-09-16 11:39:00,movil,consulta_saldo,0,abandonada,18,0
C00061,2026-09-16 11:44:00,movil,consulta_saldo,0,resuelta_ivr,143,0
C00487,2026-09-16 11:57:00,fijo,consulta_saldo,0,resuelta_ivr,92,0
C00394,2026-09-16 12:35:00,fijo,hablar_con_agente,0,abandonada,40,0
C00118,2026-09-16 13:02:00,fijo,incidencia_pago,0,resuelta_ivr,59,0
C00427,2026-09-16 13:38:00,fijo,consulta_saldo,0,resuelta_ivr,68,0
C00093,2026-09-16 13:56:00,fijo,bloqueo_tarjeta,0,resuelta_ivr,81,0
C00306,2026-09-16 15:05:00,movil,incidencia_pago,0,resuelta_ivr,47,0
C00271,2026-09-16 15:24:00,movil,cambio_datos,0,abandonada,10,0
C00488,2026-09-16 15:45:00,fijo,hablar_con_agente,0,transferida,240,334
C00361,2026-09-16 17:17:00,movil,incidencia_pago,0,resuelta_ivr,122,0
C00203,2026-09-16 18:42:00,fijo,estado_pedido,1,resuelta_ivr,117,0
C00228,2026-09-16 19:06:00,movil,consulta_saldo,3,transferida,127,303
C00500,2026-09-16 19:15:00,movil,consulta_saldo,1,transferida,208,199
C00099,2026-09-16 20:13:00,fijo,consulta_saldo,1,resuelta_ivr,178,0
C00170,2026-09-17 10:07:00,movil,consulta_saldo,1,resuelta_ivr,186,0
C00048,2026-09-17 13:16:00,fijo,cambio_datos,0,transferida,109,350
C00096,2026-09-17 14:10:00,movil,cambio_datos,0,resuelta_ivr,53,0
C00164,2026-09-17 14:10:00,movil,consulta_saldo,0,abandonada,29,0
C00399,2026-09-17 14:46:00,fijo,cambio_datos,0,resuelta_ivr,135,0
C00386,2026-09-17 15:08:00,movil,hablar_con_agente,1,abandonada,58,0
C00239,2026-09-17 15:37:00,movil,estado_pedido,0,abandonada,75,0
C00209,2026-09-17 15:48:00,fijo,hablar_con_agente,0,transferida,132,315
C00131,2026-09-17 18:07:00,fijo,consulta_saldo,0,abandonada,71,0
C00218,2026-09-17 18:44:00,movil,incidencia_pago,1,resuelta_ivr,117,0
C00405,2026-09-17 19:18:00,movil,hablar_con_agente,1,transferida,151,256
C00051,2026-09-17 19:19:00,movil,cambio_datos,0,transferida,232,125
C00342,2026-09-17 19:29:00,fijo,hablar_con_agente,0,abandonada,13,0
C00322,2026-09-17 19:36:00,fijo,estado_pedido,0,resuelta_ivr,70,0
C00038,2026-09-18 08:09:00,movil,consulta_saldo,2,transferida,229,199
C00014,2026-09-18 08:11:00,fijo,cambio_datos,0,transferida,224,67
C00107,2026-09-18 08:36:00,movil,cambio_datos,0,transferida,118,232
C00378,2026-09-18 09:35:00,movil,bloqueo_tarjeta,3,abandonada,133,0
C00100,2026-09-18 10:28:00,fijo,bloqueo_tarjeta,2,resuelta_ivr,104,0
C00019,2026-09-18 10:49:00,fijo,consulta_saldo,2,resuelta_ivr,124,0
C00304,2026-09-18 10:50:00,fijo,estado_pedido,0,resuelta_ivr,155,0
C00250,2026-09-18 11:42:00,fijo,incidencia_pago,1,resuelta_ivr,129,0
C00212,2026-09-18 12:46:00,fijo,incidencia_pago,1,resuelta_ivr,87,0
C00366,2026-09-18 13:16:00,fijo,consulta_saldo,0,resuelta_ivr,96,0
C00449,2026-09-18 13:21:00,fijo,incidencia_pago,2,transferida,143,375
C00044,2026-09-18 13:39:00,movil,hablar_con_agente,0,abandonada,38,0
C00180,2026-09-18 13:46:00,movil,incidencia_pago,0,transferida,238,333
C00392,2026-09-18 13:52:00,fijo,hablar_con_agente,0,transferida,69,151
C00119,2026-09-18 14:14:00,fijo,consulta_saldo,0,resuelta_ivr,71,0
C00098,2026-09-18 14:57:00,movil,consulta_saldo,3,abandonada,132,0
C00084,2026-09-18 15:06:00,fijo,cambio_datos,1,resuelta_ivr,188,0
C00247,2026-09-18 15:14:00,movil,estado_pedido,1,resuelta_ivr,143,0
C00070,2026-09-18 15:18:00,fijo,cambio_datos,0,transferida,167,64
C00242,2026-09-18 15:53:00,movil,cambio_datos,0,resuelta_ivr,105,0
C00290,2026-09-18 16:38:00,movil,hablar_con_agente,2,transferida,182,314
C00443,2026-09-18 16:54:00,fijo,bloqueo_tarjeta,0,transferida,95,64
C00462,2026-09-18 17:09:00,movil,bloqueo_tarjeta,0,transferida,144,160
C00194,2026-09-18 17:15:00,movil,consulta_saldo,0,resuelta_ivr,84,0
C00140,2026-09-18 18:36:00,fijo,cambio_datos,1,resuelta_ivr,123,0
C00198,2026-09-18 18:55:00,movil,estado_pedido,1,resuelta_ivr,183,0
C00229,2026-09-18 20:36:00,movil,incidencia_pago,2,abandonada,57,0
C00365,2026-09-19 08:28:00,fijo,incidencia_pago,0,resuelta_ivr,76,0
C00372,2026-09-19 08:33:00,fijo,consulta_saldo,0,transferida,223,63
C00471,2026-09-19 08:46:00,movil,incidencia_pago,0,abandonada,43,0
C00018,2026-09-19 09:20:00,fijo,consulta_saldo,0,resuelta_ivr,176,0
C00369,2026-09-19 09:43:00,fijo,bloqueo_tarjeta,0,abandonada,67,0
C00308,2026-09-19 09:56:00,movil,consulta_saldo,0,abandonada,61,0
C00479,2026-09-19 10:36:00,fijo,estado_pedido,0,resuelta_ivr,149,0
C00363,2026-09-19 11:58:00,movil,hablar_con_agente,0,transferida,196,401
C00274,2026-09-19 12:06:00,movil,estado_pedido,1,transferida,159,396
C00216,2026-09-19 13:06:00,fijo,estado_pedido,0,resuelta_ivr,68,0
C00120,2026-09-19 14:30:00,fijo,incidencia_pago,2,resuelta_ivr,129,0
C00364,2026-09-19 14:37:00,fijo,bloqueo_tarjeta,1,transferida,135,172
C00012,2026-09-19 14:48:00,movil,bloqueo_tarjeta,3,transferida,128,66
C00177,2026-09-19 15:06:00,movil,consulta_saldo,1,resuelta_ivr,147,0
C00002,2026-09-19 15:12:00,fijo,consulta_saldo,0,resuelta_ivr,46,0
C00240,2026-09-19 17:09:00,fijo,consulta_saldo,0,resuelta_ivr,69,0
C00457,2026-09-19 17:19:00,movil,incidencia_pago,0,transferida,135,100
C00483,2026-09-19 17:52:00,fijo,bloqueo_tarjeta,0,abandonada,74,0
C00201,2026-09-19 17:54:00,movil,consulta_saldo,1,transferida,219,24
C00031,2026-09-19 18:08:00,fijo,consulta_saldo,0,transferida,140,114
C00143,2026-09-19 18:10:00,fijo,consulta_saldo,0,resuelta_ivr,52,0
C00251,2026-09-19 18:12:00,movil,incidencia_pago,1,resuelta_ivr,91,0
C00338,2026-09-19 18:42:00,fijo,consulta_saldo,0,resuelta_ivr,167,0
C00154,2026-09-19 18:58:00,fijo,cambio_datos,1,transferida,113,44
C00233,2026-09-19 19:30:00,movil,incidencia_pago,0,transferida,169,177
C00433,2026-09-19 19:34:00,fijo,estado_pedido,1,transferida,250,257
C00368,2026-09-19 20:01:00,fijo,hablar_con_agente,1,abandonada,67,0
C00403,2026-09-20 08:08:00,fijo,consulta_saldo,1,abandonada,68,0
C00249,2026-09-20 08:34:00,movil,estado_pedido,1,transferida,86,234
C00460,2026-09-20 08:52:00,fijo,incidencia_pago,1,transferida,200,291
C00146,2026-09-20 08:56:00,fijo,consulta_saldo,0,resuelta_ivr,75,0
C00166,2026-09-20 10:14:00,fijo,estado_pedido,0,resuelta_ivr,82,0
C00303,2026-09-20 10:21:00,movil,estado_pedido,0,resuelta_ivr,177,0
C00444,2026-09-20 11:20:00,movil,consulta_saldo,2,resuelta_ivr,187,0
C00121,2026-09-20 11:46:00,movil,cambio_datos,1,resuelta_ivr,132,0
C00344,2026-09-20 12:08:00,movil,estado_pedido,0,resuelta_ivr,90,0
C00389,2026-09-20 12:24:00,fijo,bloqueo_tarjeta,1,transferida,174,213
C00005,2026-09-20 12:30:00,fijo,incidencia_pago,1,resuelta_ivr,151,0
C00017,2026-09-20 13:31:00,movil,estado_pedido,0,resuelta_ivr,118,0
C00115,2026-09-20 14:00:00,movil,consulta_saldo,0,resuelta_ivr,75,0
C00110,2026-09-20 14:31:00,fijo,cambio_datos,0,abandonada,64,0
C00301,2026-09-20 14:41:00,movil,estado_pedido,0,transferida,232,324
C00207,2026-09-20 15:08:00,movil,consulta_saldo,2,resuelta_ivr,153,0
C00379,2026-09-20 15:24:00,fijo,consulta_saldo,0,resuelta_ivr,88,0
C00416,2026-09-20 15:24:00,movil,cambio_datos,0,abandonada,9,0
C00158,2026-09-20 16:07:00,movil,estado_pedido,3,transferida,126,340
C00463,2026-09-20 17:03:00,fijo,estado_pedido,0,transferida,89,187
C00062,2026-09-20 17:06:00,fijo,consulta_saldo,0,resuelta_ivr,46,0
C00312,2026-09-20 17:11:00,fijo,consulta_saldo,3,transferida,236,79
C00033,2026-09-20 17:36:00,movil,hablar_con_agente,0,transferida,93,45
C00495,2026-09-20 17:37:00,fijo,cambio_datos,2,transferida,111,239
C00335,2026-09-20 18:23:00,movil,consulta_saldo,1,transferida,105,372
C00106,2026-09-20 19:49:00,fijo,bloqueo_tarjeta,0,resuelta_ivr,176,0
C00492,2026-09-20 20:14:00,fijo,incidencia_pago,1,resuelta_ivr,139,0
C00424,2026-09-21 08:09:00,movil,bloqueo_tarjeta,1,transferida,234,368
C00217,2026-09-21 08:27:00,movil,estado_pedido,0,transferida,73,255
C00467,2026-09-21 09:07:00,fijo,consulta_saldo,1,resuelta_ivr,163,0
C00468,2026-09-21 09:13:00,movil,incidencia_pago,0,resuelta_ivr,124,0
C00124,2026-09-21 09:41:00,movil,incidencia_pago,1,abandonada,67,0
C00001,2026-09-21 09:54:00,movil,consulta_saldo,0,resuelta_ivr,66,0
C00484,2026-09-21 10:32:00,movil,bloqueo_tarjeta,0,transferida,94,266
C00013,2026-09-21 10:43:00,fijo,incidencia_pago,0,resuelta_ivr,137,0
C00422,2026-09-21 12:21:00,movil,incidencia_pago,1,resuelta_ivr,67,0
C00237,2026-09-21 13:02:00,fijo,bloqueo_tarjeta,0,abandonada,63,0
C00359,2026-09-21 13:02:00,movil,estado_pedido,2,resuelta_ivr,92,0
C00016,2026-09-21 13:05:00,movil,incidencia_pago,0,resuelta_ivr,135,0
C00320,2026-09-21 14:09:00,fijo,consulta_saldo,0,abandonada,55,0
C00348,2026-09-21 14:43:00,fijo,consulta_saldo,0,resuelta_ivr,73,0
C00149,2026-09-21 15:07:00,fijo,consulta_saldo,0,abandonada,63,0
C00356,2026-09-21 15:34:00,movil,incidencia_pago,0,transferida,91,246
C00176,2026-09-21 16:47:00,movil,estado_pedido,1,resuelta_ivr,55,0
C00006,2026-09-21 18:33:00,fijo,hablar_con_agente,0,transferida,71,126
C00355,2026-09-21 19:00:00,movil,consulta_saldo,0,abandonada,13,0
C00108,2026-09-21 20:00:00,movil,hablar_con_agente,0,transferida,71,417
